,Characteristic Name[CHANM],Characteristic Value[CHAVL],Target Hierarchy Name[TGT_HRY_HIENM],Target Hierarchy Node Name[TGT_HRY_NODENAME],Target Hierarchy Node Object Name[TGT_HRY_NODEOBJNM],Requestor Comment[REQUESTOR_CMT],Date in Format YYYY-MM-DD[VALID_FROM]
0,FAAKOSTL,FLTFLE_23732373XXXX,GCOH,L000012278,0HIER_NODE,FR8877587,20261001
1,FAAKOSTL,FLTFLE_2424CC1,GCOH,L000013912,0HIER_NODE,FR8879675,20261001
2,FAAKOSTL,FLTFLE_2424JSR010,GCOH,L000013912,0HIER_NODE,FR8879675,20261001
3,FAAKOSTL,FLTFLE_2424JSR031,GCOH,L000013912,0HIER_NODE,FR8879675,20261001
4,FAAKOSTL,FLTFLE_2424JSR0323,GCOH,L000013912,0HIER_NODE,FR8879675,20261001
5,FAAKOSTL,FLTFLE_2424JSR0332,GCOH,L000013912,0HIER_NODE,FR8879675,20261001
6,FAAKOSTL,FLTFLE_2424JSR0334,GCOH,L000013912,0HIER_NODE,FR8879675,20261001
7,FAAKOSTL,FLTFLE_2424JSR051,GCOH,L000013912,0HIER_NODE,FR8879675,20261001
8,FAAKOSTL,FLTFLE_2424JSR053,GCOH,L000013912,0HIER_NODE,FR8879675,20261001
9,FAAKOSTL,FLTFLE_2424JSR055,GCOH,L000013912,0HIER_NODE,FR8879675,20261001
10,FAAKOSTL,FLTFLE_2424JSR057,GCOH,L000013912,0HIER_NODE,FR8879675,20261001
11,FAAKOSTL,FLTFLE_2424JSR060,GCOH,L000013912,0HIER_NODE,FR8879675,20261001
12,FAAKOSTL,FLTFLE_2424JSR061,GCOH,L000013912,0HIER_NODE,FR8879675,20261001
13,FAAKOSTL,FLTFLE_2424JSR070,GCOH,L000013912,0HIER_NODE,FR8879675,20261001
14,FAAKOSTL,FLTFLE_2424JSR071,GCOH,L000013912,0HIER_NODE,FR8879675,20261001
15,FAAKOSTL,FLTFLE_2424JSR080,GCOH,L000013912,0HIER_NODE,FR8879675,20261001
16,FAAKOSTL,FLTFLE_2424JSR082,GCOH,L000013912,0HIER_NODE,FR8879675,20261001
17,FAAKOSTL,FLTFLE_2424JSR083,GCOH,L000013912,0HIER_NODE,FR8879675,20261001
18,FAAKOSTL,FLTFLE_2424JSR500,GCOH,L000013912,0HIER_NODE,FR8879675,20261001
19,FAAKOSTL,FLTFLE_2424JSR501,GCOH,L000013912,0HIER_NODE,FR8879675,20261001
20,FAAKOSTL,FLTFLE_2424JSR502,GCOH,L000013912,0HIER_NODE,FR8879675,20261001
21,FAAKOSTL,FLTFLE_2424JSR503,GCOH,L000013912,0HIER_NODE,FR8879675,20261001
22,FAAKOSTL,FLTFLE_2424JSR504,GCOH,L000013912,0HIER_NODE,FR8879675,20261001
